-- phpMyAdmin SQL Dump
-- version 5.2.0
-- https://www.phpmyadmin.net/
--
-- Máy chủ: 127.0.0.1
-- Thời gian đã tạo: Th12 10, 2022 lúc 12:00 PM
-- Phiên bản máy phục vụ: 10.4.27-MariaDB
-- Phiên bản PHP: 7.4.33

SET SQL_MODE = "NO_AUTO_VALUE_ON_ZERO";
START TRANSACTION;
SET time_zone = "+00:00";


/*!40101 SET @OLD_CHARACTER_SET_CLIENT=@@CHARACTER_SET_CLIENT */;
/*!40101 SET @OLD_CHARACTER_SET_RESULTS=@@CHARACTER_SET_RESULTS */;
/*!40101 SET @OLD_COLLATION_CONNECTION=@@COLLATION_CONNECTION */;
/*!40101 SET NAMES utf8mb4 */;

--
-- Cơ sở dữ liệu: `shopgiaytot`
--

-- --------------------------------------------------------

--
-- Cấu trúc bảng cho bảng `tbl_category`
--

CREATE TABLE `tbl_category` (
  `category_id` int(11) NOT NULL,
  `category_name` varchar(100) NOT NULL
) ENGINE=InnoDB DEFAULT CHARSET=utf8mb4 COLLATE=utf8mb4_general_ci;

--
-- Đang đổ dữ liệu cho bảng `tbl_category`
--

INSERT INTO `tbl_category` (`category_id`, `category_name`) VALUES
(1, 'GIÀY CHẠY BỘ'),
(2, 'GIÀY THỂ THAO'),
(3, 'GIÀY NAM'),
(4, 'GIÀY NỮ');

-- --------------------------------------------------------

--
-- Cấu trúc bảng cho bảng `tbl_giohang`
--

CREATE TABLE `tbl_giohang` (
  `giohang_id` int(11) NOT NULL,
  `tensanpham` varchar(100) NOT NULL,
  `sanpham_id` int(11) NOT NULL,
  `giasanpham` varchar(50) NOT NULL,
  `hinhanh` varchar(100) NOT NULL,
  `soluong` int(11) NOT NULL
) ENGINE=InnoDB DEFAULT CHARSET=utf8mb4 COLLATE=utf8mb4_general_ci;

--
-- Đang đổ dữ liệu cho bảng `tbl_giohang`
--

INSERT INTO `tbl_giohang` (`giohang_id`, `tensanpham`, `sanpham_id`, `giasanpham`, `hinhanh`, `soluong`) VALUES
(41, 'Giày adidas', 9, '700000', 'sp1.jpg', 4),
(42, 'Giày adidas 01', 13, '700000', 'sp2.jpg', 5),
(45, 'Giày adidas 01', 2, '899000', 'spchaybo_02.jpg', 1),
(46, 'giày chạy bộ 05', 43, '199000', 'spchaybo_09.jpg', 1);

-- --------------------------------------------------------

--
-- Cấu trúc bảng cho bảng `tbl_sanpham`
--

CREATE TABLE `tbl_sanpham` (
  `sanpham_id` int(11) NOT NULL,
  `category_id` int(11) NOT NULL,
  `sanpham_name` varchar(255) NOT NULL,
  `sanpham_chitiet` text NOT NULL,
  `sanpham_gia` varchar(50) DEFAULT NULL,
  `sanpham_giakhuyenmai` varchar(50) NOT NULL,
  `sanpham_active` int(11) NOT NULL,
  `sanpham_hot` int(11) NOT NULL,
  `sanpham_image` varchar(100) NOT NULL
) ENGINE=InnoDB DEFAULT CHARSET=utf8mb4 COLLATE=utf8mb4_general_ci;

--
-- Đang đổ dữ liệu cho bảng `tbl_sanpham`
--

INSERT INTO `tbl_sanpham` (`sanpham_id`, `category_id`, `sanpham_name`, `sanpham_chitiet`, `sanpham_gia`, `sanpham_giakhuyenmai`, `sanpham_active`, `sanpham_hot`, `sanpham_image`) VALUES
(5, 2, 'Giày adidas 05', 'GIÀY ĐÁ BÓNG SÂN CỎ NHÂN TẠO TUẤN ANH KAMITO TA11-AS\n\nĐể vinh danh cũng như ghi nhận những đóng góp của cầu thủ Nguyễn Tuấn Anh, KAMITO đã cho ra mắt “TA11” – mẫu giày bóng đá được đặt theo tên và số áo của Tuấn Anh với rất nhiều điểm đặc biệt và thú vị: \n\n- Đây là mẫu giày được thiết kế với sự góp ý của chính Tuấn Anh nhằm mang lại hiệu suất thi đấu cao nhất. Các họa tiết trên giày cũng được thiết kế đặc biệt mang đậm dấu ấn của Tuấn Anh, đặc biệt là các vân kim cương nổi tạo điểm nhấn trong tổng thể thiết kế. \n\n- Với 5 màu sắc vô cùng nổi bật và cá tính, TA11 sẽ phù hợp với tất cả người dùng ở mọi lứa tuổi \n\n- Không ngừng đổi mới và mong muốn nâng tầm trải nghiệm của người dùng, TA11 được áp dụng những công nghệ tốt nhất của KAMITO: \n\n Lớp da KA-FIBER ULTRA siêu mềm, tạo cảm giác như đi chân trần và với lớp da mới này, độ bền cũng đã được nâng cấp lên một tầm cao mới.\n\n Thiết kế đặc biệt với những vân kim cương nổi trên thân giày, vừa tạo tính thẩm mỹ vừa hỗ trợ kiểm soát bóng tối ưu. \n\nBộ đế giày áp dụng công nghệ KA-SPIN với dàn đinh dăm được sắp xếp khoa học, giúp bám sân hiệu quả ngay cả khi trời mưa sân trơn bóng ướt.\n\n Đặc biệt, lớp đệm giảm chấn cực êm ái KA-COMFORT lần đầu tiên xuất hiện ở một đôi giày phân khúc tầm trung sẽ mang lại một trải nghiệm tuyệt vời giúp các cầu thủ luôn cảm thấy thoải mái và êm ái trong suốt quá trình thi đấu. Bên cạnh đó, lớp đệm êm này cũng sẽ giảm áp lực lên đầu gối và cột sống qua đó giảm thiểu những chấn thương không đáng có. \n\nForm giày áp dụng chuẩn KA-FIT, ôm sát và phù hợp với bàn chân người Việt.', '1000000', '700000', 1, 0, 'thethao_01.jpg'),
(6, 2, 'Giày adidas 06', 'GIÀY ĐÁ BÓNG SÂN CỎ NHÂN TẠO TUẤN ANH KAMITO TA11-AS\n\nĐể vinh danh cũng như ghi nhận những đóng góp của cầu thủ Nguyễn Tuấn Anh, KAMITO đã cho ra mắt “TA11” – mẫu giày bóng đá được đặt theo tên và số áo của Tuấn Anh với rất nhiều điểm đặc biệt và thú vị: \n\n- Đây là mẫu giày được thiết kế với sự góp ý của chính Tuấn Anh nhằm mang lại hiệu suất thi đấu cao nhất. Các họa tiết trên giày cũng được thiết kế đặc biệt mang đậm dấu ấn của Tuấn Anh, đặc biệt là các vân kim cương nổi tạo điểm nhấn trong tổng thể thiết kế. \n\n- Với 5 màu sắc vô cùng nổi bật và cá tính, TA11 sẽ phù hợp với tất cả người dùng ở mọi lứa tuổi \n\n- Không ngừng đổi mới và mong muốn nâng tầm trải nghiệm của người dùng, TA11 được áp dụng những công nghệ tốt nhất của KAMITO: \n\n Lớp da KA-FIBER ULTRA siêu mềm, tạo cảm giác như đi chân trần và với lớp da mới này, độ bền cũng đã được nâng cấp lên một tầm cao mới.\n\n Thiết kế đặc biệt với những vân kim cương nổi trên thân giày, vừa tạo tính thẩm mỹ vừa hỗ trợ kiểm soát bóng tối ưu. \n\nBộ đế giày áp dụng công nghệ KA-SPIN với dàn đinh dăm được sắp xếp khoa học, giúp bám sân hiệu quả ngay cả khi trời mưa sân trơn bóng ướt.\n\n Đặc biệt, lớp đệm giảm chấn cực êm ái KA-COMFORT lần đầu tiên xuất hiện ở một đôi giày phân khúc tầm trung sẽ mang lại một trải nghiệm tuyệt vời giúp các cầu thủ luôn cảm thấy thoải mái và êm ái trong suốt quá trình thi đấu. Bên cạnh đó, lớp đệm êm này cũng sẽ giảm áp lực lên đầu gối và cột sống qua đó giảm thiểu những chấn thương không đáng có. \n\nForm giày áp dụng chuẩn KA-FIT, ôm sát và phù hợp với bàn chân người Việt.', '', '700000', 1, 0, 'thethao_02.jpg'),
(7, 2, 'Giày adidas 07', 'GIÀY ĐÁ BÓNG SÂN CỎ NHÂN TẠO TUẤN ANH KAMITO TA11-AS\n\nĐể vinh danh cũng như ghi nhận những đóng góp của cầu thủ Nguyễn Tuấn Anh, KAMITO đã cho ra mắt “TA11” – mẫu giày bóng đá được đặt theo tên và số áo của Tuấn Anh với rất nhiều điểm đặc biệt và thú vị: \n\n- Đây là mẫu giày được thiết kế với sự góp ý của chính Tuấn Anh nhằm mang lại hiệu suất thi đấu cao nhất. Các họa tiết trên giày cũng được thiết kế đặc biệt mang đậm dấu ấn của Tuấn Anh, đặc biệt là các vân kim cương nổi tạo điểm nhấn trong tổng thể thiết kế. \n\n- Với 5 màu sắc vô cùng nổi bật và cá tính, TA11 sẽ phù hợp với tất cả người dùng ở mọi lứa tuổi \n\n- Không ngừng đổi mới và mong muốn nâng tầm trải nghiệm của người dùng, TA11 được áp dụng những công nghệ tốt nhất của KAMITO: \n\n Lớp da KA-FIBER ULTRA siêu mềm, tạo cảm giác như đi chân trần và với lớp da mới này, độ bền cũng đã được nâng cấp lên một tầm cao mới.\n\n Thiết kế đặc biệt với những vân kim cương nổi trên thân giày, vừa tạo tính thẩm mỹ vừa hỗ trợ kiểm soát bóng tối ưu. \n\nBộ đế giày áp dụng công nghệ KA-SPIN với dàn đinh dăm được sắp xếp khoa học, giúp bám sân hiệu quả ngay cả khi trời mưa sân trơn bóng ướt.\n\n Đặc biệt, lớp đệm giảm chấn cực êm ái KA-COMFORT lần đầu tiên xuất hiện ở một đôi giày phân khúc tầm trung sẽ mang lại một trải nghiệm tuyệt vời giúp các cầu thủ luôn cảm thấy thoải mái và êm ái trong suốt quá trình thi đấu. Bên cạnh đó, lớp đệm êm này cũng sẽ giảm áp lực lên đầu gối và cột sống qua đó giảm thiểu những chấn thương không đáng có. \n\nForm giày áp dụng chuẩn KA-FIT, ôm sát và phù hợp với bàn chân người Việt.', '1000000', '700000', 1, 0, 'thethao_03.jpg'),
(8, 2, 'Giày adidas 07', 'GIÀY ĐÁ BÓNG SÂN CỎ NHÂN TẠO TUẤN ANH KAMITO TA11-AS\r\n\r\nĐể vinh danh cũng như ghi nhận những đóng góp của cầu thủ Nguyễn Tuấn Anh, KAMITO đã cho ra mắt “TA11” – mẫu giày bóng đá được đặt theo tên và số áo của Tuấn Anh với rất nhiều điểm đặc biệt và thú vị: \r\n\r\n- Đây là mẫu giày được thiết kế với sự góp ý của chính Tuấn Anh nhằm mang lại hiệu suất thi đấu cao nhất. Các họa tiết trên giày cũng được thiết kế đặc biệt mang đậm dấu ấn của Tuấn Anh, đặc biệt là các vân kim cương nổi tạo điểm nhấn trong tổng thể thiết kế. \r\n\r\n- Với 5 màu sắc vô cùng nổi bật và cá tính, TA11 sẽ phù hợp với tất cả người dùng ở mọi lứa tuổi \r\n\r\n- Không ngừng đổi mới và mong muốn nâng tầm trải nghiệm của người dùng, TA11 được áp dụng những công nghệ tốt nhất của KAMITO: \r\n\r\n Lớp da KA-FIBER ULTRA siêu mềm, tạo cảm giác như đi chân trần và với lớp da mới này, độ bền cũng đã được nâng cấp lên một tầm cao mới.\r\n\r\n Thiết kế đặc biệt với những vân kim cương nổi trên thân giày, vừa tạo tính thẩm mỹ vừa hỗ trợ kiểm soát bóng tối ưu. \r\n\r\nBộ đế giày áp dụng công nghệ KA-SPIN với dàn đinh dăm được sắp xếp khoa học, giúp bám sân hiệu quả ngay cả khi trời mưa sân trơn bóng ướt.\r\n\r\n Đặc biệt, lớp đệm giảm chấn cực êm ái KA-COMFORT lần đầu tiên xuất hiện ở một đôi giày phân khúc tầm trung sẽ mang lại một trải nghiệm tuyệt vời giúp các cầu thủ luôn cảm thấy thoải mái và êm ái trong suốt quá trình thi đấu. Bên cạnh đó, lớp đệm êm này cũng sẽ giảm áp lực lên đầu gối và cột sống qua đó giảm thiểu những chấn thương không đáng có. \r\n\r\nForm giày áp dụng chuẩn KA-FIT, ôm sát và phù hợp với bàn chân người Việt.', '3299000', '3000000', 1, 0, 'thethao_04.jpg'),
(9, 2, 'Giày adidas', 'GIÀY ĐÁ BÓNG SÂN CỎ NHÂN TẠO TUẤN ANH KAMITO TA11-AS\r\n\r\nĐể vinh danh cũng như ghi nhận những đóng góp của cầu thủ Nguyễn Tuấn Anh, KAMITO đã cho ra mắt “TA11” – mẫu giày bóng đá được đặt theo tên và số áo của Tuấn Anh với rất nhiều điểm đặc biệt và thú vị: \r\n\r\n- Đây là mẫu giày được thiết kế với sự góp ý của chính Tuấn Anh nhằm mang lại hiệu suất thi đấu cao nhất. Các họa tiết trên giày cũng được thiết kế đặc biệt mang đậm dấu ấn của Tuấn Anh, đặc biệt là các vân kim cương nổi tạo điểm nhấn trong tổng thể thiết kế. \r\n\r\n- Với 5 màu sắc vô cùng nổi bật và cá tính, TA11 sẽ phù hợp với tất cả người dùng ở mọi lứa tuổi \r\n\r\n- Không ngừng đổi mới và mong muốn nâng tầm trải nghiệm của người dùng, TA11 được áp dụng những công nghệ tốt nhất của KAMITO: \r\n\r\n Lớp da KA-FIBER ULTRA siêu mềm, tạo cảm giác như đi chân trần và với lớp da mới này, độ bền cũng đã được nâng cấp lên một tầm cao mới.\r\n\r\n Thiết kế đặc biệt với những vân kim cương nổi trên thân giày, vừa tạo tính thẩm mỹ vừa hỗ trợ kiểm soát bóng tối ưu. \r\n\r\nBộ đế giày áp dụng công nghệ KA-SPIN với dàn đinh dăm được sắp xếp khoa học, giúp bám sân hiệu quả ngay cả khi trời mưa sân trơn bóng ướt.\r\n\r\n Đặc biệt, lớp đệm giảm chấn cực êm ái KA-COMFORT lần đầu tiên xuất hiện ở một đôi giày phân khúc tầm trung sẽ mang lại một trải nghiệm tuyệt vời giúp các cầu thủ luôn cảm thấy thoải mái và êm ái trong suốt quá trình thi đấu. Bên cạnh đó, lớp đệm êm này cũng sẽ giảm áp lực lên đầu gối và cột sống qua đó giảm thiểu những chấn thương không đáng có. \r\n\r\nForm giày áp dụng chuẩn KA-FIT, ôm sát và phù hợp với bàn chân người Việt.', '1000000', '700000', 1, 1, 'thethao_05.jpg'),
(10, 2, 'Giày adidas', 'GIÀY ĐÁ BÓNG SÂN CỎ NHÂN TẠO TUẤN ANH KAMITO TA11-AS\r\n\r\nĐể vinh danh cũng như ghi nhận những đóng góp của cầu thủ Nguyễn Tuấn Anh, KAMITO đã cho ra mắt “TA11” – mẫu giày bóng đá được đặt theo tên và số áo của Tuấn Anh với rất nhiều điểm đặc biệt và thú vị: \r\n\r\n- Đây là mẫu giày được thiết kế với sự góp ý của chính Tuấn Anh nhằm mang lại hiệu suất thi đấu cao nhất. Các họa tiết trên giày cũng được thiết kế đặc biệt mang đậm dấu ấn của Tuấn Anh, đặc biệt là các vân kim cương nổi tạo điểm nhấn trong tổng thể thiết kế. \r\n\r\n- Với 5 màu sắc vô cùng nổi bật và cá tính, TA11 sẽ phù hợp với tất cả người dùng ở mọi lứa tuổi \r\n\r\n- Không ngừng đổi mới và mong muốn nâng tầm trải nghiệm của người dùng, TA11 được áp dụng những công nghệ tốt nhất của KAMITO: \r\n\r\n Lớp da KA-FIBER ULTRA siêu mềm, tạo cảm giác như đi chân trần và với lớp da mới này, độ bền cũng đã được nâng cấp lên một tầm cao mới.\r\n\r\n Thiết kế đặc biệt với những vân kim cương nổi trên thân giày, vừa tạo tính thẩm mỹ vừa hỗ trợ kiểm soát bóng tối ưu. \r\n\r\nBộ đế giày áp dụng công nghệ KA-SPIN với dàn đinh dăm được sắp xếp khoa học, giúp bám sân hiệu quả ngay cả khi trời mưa sân trơn bóng ướt.\r\n\r\n Đặc biệt, lớp đệm giảm chấn cực êm ái KA-COMFORT lần đầu tiên xuất hiện ở một đôi giày phân khúc tầm trung sẽ mang lại một trải nghiệm tuyệt vời giúp các cầu thủ luôn cảm thấy thoải mái và êm ái trong suốt quá trình thi đấu. Bên cạnh đó, lớp đệm êm này cũng sẽ giảm áp lực lên đầu gối và cột sống qua đó giảm thiểu những chấn thương không đáng có. \r\n\r\nForm giày áp dụng chuẩn KA-FIT, ôm sát và phù hợp với bàn chân người Việt.', '', '199000', 1, 1, 'thethao_06.jpg'),
(11, 2, 'Giày adidas', 'GIÀY ĐÁ BÓNG SÂN CỎ NHÂN TẠO TUẤN ANH KAMITO TA11-AS\r\n\r\nĐể vinh danh cũng như ghi nhận những đóng góp của cầu thủ Nguyễn Tuấn Anh, KAMITO đã cho ra mắt “TA11” – mẫu giày bóng đá được đặt theo tên và số áo của Tuấn Anh với rất nhiều điểm đặc biệt và thú vị: \r\n\r\n- Đây là mẫu giày được thiết kế với sự góp ý của chính Tuấn Anh nhằm mang lại hiệu suất thi đấu cao nhất. Các họa tiết trên giày cũng được thiết kế đặc biệt mang đậm dấu ấn của Tuấn Anh, đặc biệt là các vân kim cương nổi tạo điểm nhấn trong tổng thể thiết kế. \r\n\r\n- Với 5 màu sắc vô cùng nổi bật và cá tính, TA11 sẽ phù hợp với tất cả người dùng ở mọi lứa tuổi \r\n\r\n- Không ngừng đổi mới và mong muốn nâng tầm trải nghiệm của người dùng, TA11 được áp dụng những công nghệ tốt nhất của KAMITO: \r\n\r\n Lớp da KA-FIBER ULTRA siêu mềm, tạo cảm giác như đi chân trần và với lớp da mới này, độ bền cũng đã được nâng cấp lên một tầm cao mới.\r\n\r\n Thiết kế đặc biệt với những vân kim cương nổi trên thân giày, vừa tạo tính thẩm mỹ vừa hỗ trợ kiểm soát bóng tối ưu. \r\n\r\nBộ đế giày áp dụng công nghệ KA-SPIN với dàn đinh dăm được sắp xếp khoa học, giúp bám sân hiệu quả ngay cả khi trời mưa sân trơn bóng ướt.\r\n\r\n Đặc biệt, lớp đệm giảm chấn cực êm ái KA-COMFORT lần đầu tiên xuất hiện ở một đôi giày phân khúc tầm trung sẽ mang lại một trải nghiệm tuyệt vời giúp các cầu thủ luôn cảm thấy thoải mái và êm ái trong suốt quá trình thi đấu. Bên cạnh đó, lớp đệm êm này cũng sẽ giảm áp lực lên đầu gối và cột sống qua đó giảm thiểu những chấn thương không đáng có. \r\n\r\nForm giày áp dụng chuẩn KA-FIT, ôm sát và phù hợp với bàn chân người Việt.', '1000000', '700000', 1, 1, 'thethao_07.jpg'),
(19, 4, 'Giày adidas 01', 'GIÀY ĐÁ BÓNG SÂN CỎ NHÂN TẠO TUẤN ANH KAMITO TA11-AS\r\n\r\nĐể vinh danh cũng như ghi nhận những đóng góp của cầu thủ Nguyễn Tuấn Anh, KAMITO đã cho ra mắt “TA11” – mẫu giày bóng đá được đặt theo tên và số áo của Tuấn Anh với rất nhiều điểm đặc biệt và thú vị: \r\n\r\n- Đây là mẫu giày được thiết kế với sự góp ý của chính Tuấn Anh nhằm mang lại hiệu suất thi đấu cao nhất. Các họa tiết trên giày cũng được thiết kế đặc biệt mang đậm dấu ấn của Tuấn Anh, đặc biệt là các vân kim cương nổi tạo điểm nhấn trong tổng thể thiết kế. \r\n\r\n- Với 5 màu sắc vô cùng nổi bật và cá tính, TA11 sẽ phù hợp với tất cả người dùng ở mọi lứa tuổi \r\n\r\n- Không ngừng đổi mới và mong muốn nâng tầm trải nghiệm của người dùng, TA11 được áp dụng những công nghệ tốt nhất của KAMITO: \r\n\r\n Lớp da KA-FIBER ULTRA siêu mềm, tạo cảm giác như đi chân trần và với lớp da mới này, độ bền cũng đã được nâng cấp lên một tầm cao mới.\r\n\r\n Thiết kế đặc biệt với những vân kim cương nổi trên thân giày, vừa tạo tính thẩm mỹ vừa hỗ trợ kiểm soát bóng tối ưu. \r\n\r\nBộ đế giày áp dụng công nghệ KA-SPIN với dàn đinh dăm được sắp xếp khoa học, giúp bám sân hiệu quả ngay cả khi trời mưa sân trơn bóng ướt.\r\n\r\n Đặc biệt, lớp đệm giảm chấn cực êm ái KA-COMFORT lần đầu tiên xuất hiện ở một đôi giày phân khúc tầm trung sẽ mang lại một trải nghiệm tuyệt vời giúp các cầu thủ luôn cảm thấy thoải mái và êm ái trong suốt quá trình thi đấu. Bên cạnh đó, lớp đệm êm này cũng sẽ giảm áp lực lên đầu gối và cột sống qua đó giảm thiểu những chấn thương không đáng có. \r\n\r\nForm giày áp dụng chuẩn KA-FIT, ôm sát và phù hợp với bàn chân người Việt.', '1000000', '700000', 1, 1, 'spnu_01.jpg'),
(20, 4, 'Giày adidas', 'GIÀY ĐÁ BÓNG SÂN CỎ NHÂN TẠO TUẤN ANH KAMITO TA11-AS\r\n\r\nĐể vinh danh cũng như ghi nhận những đóng góp của cầu thủ Nguyễn Tuấn Anh, KAMITO đã cho ra mắt “TA11” – mẫu giày bóng đá được đặt theo tên và số áo của Tuấn Anh với rất nhiều điểm đặc biệt và thú vị: \r\n\r\n- Đây là mẫu giày được thiết kế với sự góp ý của chính Tuấn Anh nhằm mang lại hiệu suất thi đấu cao nhất. Các họa tiết trên giày cũng được thiết kế đặc biệt mang đậm dấu ấn của Tuấn Anh, đặc biệt là các vân kim cương nổi tạo điểm nhấn trong tổng thể thiết kế. \r\n\r\n- Với 5 màu sắc vô cùng nổi bật và cá tính, TA11 sẽ phù hợp với tất cả người dùng ở mọi lứa tuổi \r\n\r\n- Không ngừng đổi mới và mong muốn nâng tầm trải nghiệm của người dùng, TA11 được áp dụng những công nghệ tốt nhất của KAMITO: \r\n\r\n Lớp da KA-FIBER ULTRA siêu mềm, tạo cảm giác như đi chân trần và với lớp da mới này, độ bền cũng đã được nâng cấp lên một tầm cao mới.\r\n\r\n Thiết kế đặc biệt với những vân kim cương nổi trên thân giày, vừa tạo tính thẩm mỹ vừa hỗ trợ kiểm soát bóng tối ưu. \r\n\r\nBộ đế giày áp dụng công nghệ KA-SPIN với dàn đinh dăm được sắp xếp khoa học, giúp bám sân hiệu quả ngay cả khi trời mưa sân trơn bóng ướt.\r\n\r\n Đặc biệt, lớp đệm giảm chấn cực êm ái KA-COMFORT lần đầu tiên xuất hiện ở một đôi giày phân khúc tầm trung sẽ mang lại một trải nghiệm tuyệt vời giúp các cầu thủ luôn cảm thấy thoải mái và êm ái trong suốt quá trình thi đấu. Bên cạnh đó, lớp đệm êm này cũng sẽ giảm áp lực lên đầu gối và cột sống qua đó giảm thiểu những chấn thương không đáng có. \r\n\r\nForm giày áp dụng chuẩn KA-FIT, ôm sát và phù hợp với bàn chân người Việt.', '1000000', '700000', 1, 0, 'spnu_02.jpg'),
(21, 4, 'Giày adidas', 'GIÀY ĐÁ BÓNG SÂN CỎ NHÂN TẠO TUẤN ANH KAMITO TA11-AS\r\n\r\nĐể vinh danh cũng như ghi nhận những đóng góp của cầu thủ Nguyễn Tuấn Anh, KAMITO đã cho ra mắt “TA11” – mẫu giày bóng đá được đặt theo tên và số áo của Tuấn Anh với rất nhiều điểm đặc biệt và thú vị: \r\n\r\n- Đây là mẫu giày được thiết kế với sự góp ý của chính Tuấn Anh nhằm mang lại hiệu suất thi đấu cao nhất. Các họa tiết trên giày cũng được thiết kế đặc biệt mang đậm dấu ấn của Tuấn Anh, đặc biệt là các vân kim cương nổi tạo điểm nhấn trong tổng thể thiết kế. \r\n\r\n- Với 5 màu sắc vô cùng nổi bật và cá tính, TA11 sẽ phù hợp với tất cả người dùng ở mọi lứa tuổi \r\n\r\n- Không ngừng đổi mới và mong muốn nâng tầm trải nghiệm của người dùng, TA11 được áp dụng những công nghệ tốt nhất của KAMITO: \r\n\r\n Lớp da KA-FIBER ULTRA siêu mềm, tạo cảm giác như đi chân trần và với lớp da mới này, độ bền cũng đã được nâng cấp lên một tầm cao mới.\r\n\r\n Thiết kế đặc biệt với những vân kim cương nổi trên thân giày, vừa tạo tính thẩm mỹ vừa hỗ trợ kiểm soát bóng tối ưu. \r\n\r\nBộ đế giày áp dụng công nghệ KA-SPIN với dàn đinh dăm được sắp xếp khoa học, giúp bám sân hiệu quả ngay cả khi trời mưa sân trơn bóng ướt.\r\n\r\n Đặc biệt, lớp đệm giảm chấn cực êm ái KA-COMFORT lần đầu tiên xuất hiện ở một đôi giày phân khúc tầm trung sẽ mang lại một trải nghiệm tuyệt vời giúp các cầu thủ luôn cảm thấy thoải mái và êm ái trong suốt quá trình thi đấu. Bên cạnh đó, lớp đệm êm này cũng sẽ giảm áp lực lên đầu gối và cột sống qua đó giảm thiểu những chấn thương không đáng có. \r\n\r\nForm giày áp dụng chuẩn KA-FIT, ôm sát và phù hợp với bàn chân người Việt.', '', '700000', 1, 1, 'spnu_03.jpg'),
(22, 4, 'Giày adidas', 'GIÀY ĐÁ BÓNG SÂN CỎ NHÂN TẠO TUẤN ANH KAMITO TA11-AS\r\n\r\nĐể vinh danh cũng như ghi nhận những đóng góp của cầu thủ Nguyễn Tuấn Anh, KAMITO đã cho ra mắt “TA11” – mẫu giày bóng đá được đặt theo tên và số áo của Tuấn Anh với rất nhiều điểm đặc biệt và thú vị: \r\n\r\n- Đây là mẫu giày được thiết kế với sự góp ý của chính Tuấn Anh nhằm mang lại hiệu suất thi đấu cao nhất. Các họa tiết trên giày cũng được thiết kế đặc biệt mang đậm dấu ấn của Tuấn Anh, đặc biệt là các vân kim cương nổi tạo điểm nhấn trong tổng thể thiết kế. \r\n\r\n- Với 5 màu sắc vô cùng nổi bật và cá tính, TA11 sẽ phù hợp với tất cả người dùng ở mọi lứa tuổi \r\n\r\n- Không ngừng đổi mới và mong muốn nâng tầm trải nghiệm của người dùng, TA11 được áp dụng những công nghệ tốt nhất của KAMITO: \r\n\r\n Lớp da KA-FIBER ULTRA siêu mềm, tạo cảm giác như đi chân trần và với lớp da mới này, độ bền cũng đã được nâng cấp lên một tầm cao mới.\r\n\r\n Thiết kế đặc biệt với những vân kim cương nổi trên thân giày, vừa tạo tính thẩm mỹ vừa hỗ trợ kiểm soát bóng tối ưu. \r\n\r\nBộ đế giày áp dụng công nghệ KA-SPIN với dàn đinh dăm được sắp xếp khoa học, giúp bám sân hiệu quả ngay cả khi trời mưa sân trơn bóng ướt.\r\n\r\n Đặc biệt, lớp đệm giảm chấn cực êm ái KA-COMFORT lần đầu tiên xuất hiện ở một đôi giày phân khúc tầm trung sẽ mang lại một trải nghiệm tuyệt vời giúp các cầu thủ luôn cảm thấy thoải mái và êm ái trong suốt quá trình thi đấu. Bên cạnh đó, lớp đệm êm này cũng sẽ giảm áp lực lên đầu gối và cột sống qua đó giảm thiểu những chấn thương không đáng có. \r\n\r\nForm giày áp dụng chuẩn KA-FIT, ôm sát và phù hợp với bàn chân người Việt.', '1000000', '700000', 1, 1, 'spnu_04.jpg'),
(23, 4, 'Giày adidas', 'GIÀY ĐÁ BÓNG SÂN CỎ NHÂN TẠO TUẤN ANH KAMITO TA11-AS\r\n\r\nĐể vinh danh cũng như ghi nhận những đóng góp của cầu thủ Nguyễn Tuấn Anh, KAMITO đã cho ra mắt “TA11” – mẫu giày bóng đá được đặt theo tên và số áo của Tuấn Anh với rất nhiều điểm đặc biệt và thú vị: \r\n\r\n- Đây là mẫu giày được thiết kế với sự góp ý của chính Tuấn Anh nhằm mang lại hiệu suất thi đấu cao nhất. Các họa tiết trên giày cũng được thiết kế đặc biệt mang đậm dấu ấn của Tuấn Anh, đặc biệt là các vân kim cương nổi tạo điểm nhấn trong tổng thể thiết kế. \r\n\r\n- Với 5 màu sắc vô cùng nổi bật và cá tính, TA11 sẽ phù hợp với tất cả người dùng ở mọi lứa tuổi \r\n\r\n- Không ngừng đổi mới và mong muốn nâng tầm trải nghiệm của người dùng, TA11 được áp dụng những công nghệ tốt nhất của KAMITO: \r\n\r\n Lớp da KA-FIBER ULTRA siêu mềm, tạo cảm giác như đi chân trần và với lớp da mới này, độ bền cũng đã được nâng cấp lên một tầm cao mới.\r\n\r\n Thiết kế đặc biệt với những vân kim cương nổi trên thân giày, vừa tạo tính thẩm mỹ vừa hỗ trợ kiểm soát bóng tối ưu. \r\n\r\nBộ đế giày áp dụng công nghệ KA-SPIN với dàn đinh dăm được sắp xếp khoa học, giúp bám sân hiệu quả ngay cả khi trời mưa sân trơn bóng ướt.\r\n\r\n Đặc biệt, lớp đệm giảm chấn cực êm ái KA-COMFORT lần đầu tiên xuất hiện ở một đôi giày phân khúc tầm trung sẽ mang lại một trải nghiệm tuyệt vời giúp các cầu thủ luôn cảm thấy thoải mái và êm ái trong suốt quá trình thi đấu. Bên cạnh đó, lớp đệm êm này cũng sẽ giảm áp lực lên đầu gối và cột sống qua đó giảm thiểu những chấn thương không đáng có. \r\n\r\nForm giày áp dụng chuẩn KA-FIT, ôm sát và phù hợp với bàn chân người Việt.', '2500000', '2299000', 1, 1, 'spnu_05.jpg'),
(24, 2, 'Giày adidas 01', 'GIÀY ĐÁ BÓNG SÂN CỎ NHÂN TẠO TUẤN ANH KAMITO TA11-AS\r\n\r\nĐể vinh danh cũng như ghi nhận những đóng góp của cầu thủ Nguyễn Tuấn Anh, KAMITO đã cho ra mắt “TA11” – mẫu giày bóng đá được đặt theo tên và số áo của Tuấn Anh với rất nhiều điểm đặc biệt và thú vị: \r\n\r\n- Đây là mẫu giày được thiết kế với sự góp ý của chính Tuấn Anh nhằm mang lại hiệu suất thi đấu cao nhất. Các họa tiết trên giày cũng được thiết kế đặc biệt mang đậm dấu ấn của Tuấn Anh, đặc biệt là các vân kim cương nổi tạo điểm nhấn trong tổng thể thiết kế. \r\n\r\n- Với 5 màu sắc vô cùng nổi bật và cá tính, TA11 sẽ phù hợp với tất cả người dùng ở mọi lứa tuổi \r\n\r\n- Không ngừng đổi mới và mong muốn nâng tầm trải nghiệm của người dùng, TA11 được áp dụng những công nghệ tốt nhất của KAMITO: \r\n\r\n Lớp da KA-FIBER ULTRA siêu mềm, tạo cảm giác như đi chân trần và với lớp da mới này, độ bền cũng đã được nâng cấp lên một tầm cao mới.\r\n\r\n Thiết kế đặc biệt với những vân kim cương nổi trên thân giày, vừa tạo tính thẩm mỹ vừa hỗ trợ kiểm soát bóng tối ưu. \r\n\r\nBộ đế giày áp dụng công nghệ KA-SPIN với dàn đinh dăm được sắp xếp khoa học, giúp bám sân hiệu quả ngay cả khi trời mưa sân trơn bóng ướt.\r\n\r\n Đặc biệt, lớp đệm giảm chấn cực êm ái KA-COMFORT lần đầu tiên xuất hiện ở một đôi giày phân khúc tầm trung sẽ mang lại một trải nghiệm tuyệt vời giúp các cầu thủ luôn cảm thấy thoải mái và êm ái trong suốt quá trình thi đấu. Bên cạnh đó, lớp đệm êm này cũng sẽ giảm áp lực lên đầu gối và cột sống qua đó giảm thiểu những chấn thương không đáng có. \r\n\r\nForm giày áp dụng chuẩn KA-FIT, ôm sát và phù hợp với bàn chân người Việt.', '1000000', '700000', 1, 0, 'thethao_08.jpg'),
(26, 3, 'giaynam_01', 'GIÀY ĐÁ BÓNG SÂN CỎ NHÂN TẠO TUẤN ANH KAMITO TA11-AS\r\n\r\nĐể vinh danh cũng như ghi nhận những đóng góp của cầu thủ Nguyễn Tuấn Anh, KAMITO đã cho ra mắt “TA11” – mẫu giày bóng đá được đặt theo tên và số áo của Tuấn Anh với rất nhiều điểm đặc biệt và thú vị: \r\n\r\n- Đây là mẫu giày được thiết kế với sự góp ý của chính Tuấn Anh nhằm mang lại hiệu suất thi đấu cao nhất. Các họa tiết trên giày cũng được thiết kế đặc biệt mang đậm dấu ấn của Tuấn Anh, đặc biệt là các vân kim cương nổi tạo điểm nhấn trong tổng thể thiết kế. \r\n\r\n- Với 5 màu sắc vô cùng nổi bật và cá tính, TA11 sẽ phù hợp với tất cả người dùng ở mọi lứa tuổi \r\n\r\n- Không ngừng đổi mới và mong muốn nâng tầm trải nghiệm của người dùng, TA11 được áp dụng những công nghệ tốt nhất của KAMITO: \r\n\r\n Lớp da KA-FIBER ULTRA siêu mềm, tạo cảm giác như đi chân trần và với lớp da mới này, độ bền cũng đã được nâng cấp lên một tầm cao mới.\r\n\r\n Thiết kế đặc biệt với những vân kim cương nổi trên thân giày, vừa tạo tính thẩm mỹ vừa hỗ trợ kiểm soát bóng tối ưu. \r\n\r\nBộ đế giày áp dụng công nghệ KA-SPIN với dàn đinh dăm được sắp xếp khoa học, giúp bám sân hiệu quả ngay cả khi trời mưa sân trơn bóng ướt.\r\n\r\n Đặc biệt, lớp đệm giảm chấn cực êm ái KA-COMFORT lần đầu tiên xuất hiện ở một đôi giày phân khúc tầm trung sẽ mang lại một trải nghiệm tuyệt vời giúp các cầu thủ luôn cảm thấy thoải mái và êm ái trong suốt quá trình thi đấu. Bên cạnh đó, lớp đệm êm này cũng sẽ giảm áp lực lên đầu gối và cột sống qua đó giảm thiểu những chấn thương không đáng có. \r\n\r\nForm giày áp dụng chuẩn KA-FIT, ôm sát và phù hợp với bàn chân người Việt.', '1000000', '899000', 1, 1, 'spnam_01.jpg'),
(27, 3, 'giaynam_02', 'GIÀY ĐÁ BÓNG SÂN CỎ NHÂN TẠO TUẤN ANH KAMITO TA11-AS\r\n\r\nĐể vinh danh cũng như ghi nhận những đóng góp của cầu thủ Nguyễn Tuấn Anh, KAMITO đã cho ra mắt “TA11” – mẫu giày bóng đá được đặt theo tên và số áo của Tuấn Anh với rất nhiều điểm đặc biệt và thú vị: \r\n\r\n- Đây là mẫu giày được thiết kế với sự góp ý của chính Tuấn Anh nhằm mang lại hiệu suất thi đấu cao nhất. Các họa tiết trên giày cũng được thiết kế đặc biệt mang đậm dấu ấn của Tuấn Anh, đặc biệt là các vân kim cương nổi tạo điểm nhấn trong tổng thể thiết kế. \r\n\r\n- Với 5 màu sắc vô cùng nổi bật và cá tính, TA11 sẽ phù hợp với tất cả người dùng ở mọi lứa tuổi \r\n\r\n- Không ngừng đổi mới và mong muốn nâng tầm trải nghiệm của người dùng, TA11 được áp dụng những công nghệ tốt nhất của KAMITO: \r\n\r\n Lớp da KA-FIBER ULTRA siêu mềm, tạo cảm giác như đi chân trần và với lớp da mới này, độ bền cũng đã được nâng cấp lên một tầm cao mới.\r\n\r\n Thiết kế đặc biệt với những vân kim cương nổi trên thân giày, vừa tạo tính thẩm mỹ vừa hỗ trợ kiểm soát bóng tối ưu. \r\n\r\nBộ đế giày áp dụng công nghệ KA-SPIN với dàn đinh dăm được sắp xếp khoa học, giúp bám sân hiệu quả ngay cả khi trời mưa sân trơn bóng ướt.\r\n\r\n Đặc biệt, lớp đệm giảm chấn cực êm ái KA-COMFORT lần đầu tiên xuất hiện ở một đôi giày phân khúc tầm trung sẽ mang lại một trải nghiệm tuyệt vời giúp các cầu thủ luôn cảm thấy thoải mái và êm ái trong suốt quá trình thi đấu. Bên cạnh đó, lớp đệm êm này cũng sẽ giảm áp lực lên đầu gối và cột sống qua đó giảm thiểu những chấn thương không đáng có. \r\n\r\nForm giày áp dụng chuẩn KA-FIT, ôm sát và phù hợp với bàn chân người Việt.', '1200000', '999000', 1, 1, 'spnam_02.jpg'),
(28, 3, 'giaynam_03', 'GIÀY ĐÁ BÓNG SÂN CỎ NHÂN TẠO TUẤN ANH KAMITO TA11-AS\r\n\r\nĐể vinh danh cũng như ghi nhận những đóng góp của cầu thủ Nguyễn Tuấn Anh, KAMITO đã cho ra mắt “TA11” – mẫu giày bóng đá được đặt theo tên và số áo của Tuấn Anh với rất nhiều điểm đặc biệt và thú vị: \r\n\r\n- Đây là mẫu giày được thiết kế với sự góp ý của chính Tuấn Anh nhằm mang lại hiệu suất thi đấu cao nhất. Các họa tiết trên giày cũng được thiết kế đặc biệt mang đậm dấu ấn của Tuấn Anh, đặc biệt là các vân kim cương nổi tạo điểm nhấn trong tổng thể thiết kế. \r\n\r\n- Với 5 màu sắc vô cùng nổi bật và cá tính, TA11 sẽ phù hợp với tất cả người dùng ở mọi lứa tuổi \r\n\r\n- Không ngừng đổi mới và mong muốn nâng tầm trải nghiệm của người dùng, TA11 được áp dụng những công nghệ tốt nhất của KAMITO: \r\n\r\n Lớp da KA-FIBER ULTRA siêu mềm, tạo cảm giác như đi chân trần và với lớp da mới này, độ bền cũng đã được nâng cấp lên một tầm cao mới.\r\n\r\n Thiết kế đặc biệt với những vân kim cương nổi trên thân giày, vừa tạo tính thẩm mỹ vừa hỗ trợ kiểm soát bóng tối ưu. \r\n\r\nBộ đế giày áp dụng công nghệ KA-SPIN với dàn đinh dăm được sắp xếp khoa học, giúp bám sân hiệu quả ngay cả khi trời mưa sân trơn bóng ướt.\r\n\r\n Đặc biệt, lớp đệm giảm chấn cực êm ái KA-COMFORT lần đầu tiên xuất hiện ở một đôi giày phân khúc tầm trung sẽ mang lại một trải nghiệm tuyệt vời giúp các cầu thủ luôn cảm thấy thoải mái và êm ái trong suốt quá trình thi đấu. Bên cạnh đó, lớp đệm êm này cũng sẽ giảm áp lực lên đầu gối và cột sống qua đó giảm thiểu những chấn thương không đáng có. \r\n\r\nForm giày áp dụng chuẩn KA-FIT, ôm sát và phù hợp với bàn chân người Việt.', '800000', '699000', 1, 1, 'spnam_03.jpg'),
(29, 3, 'giaynam_04', 'GIÀY ĐÁ BÓNG SÂN CỎ NHÂN TẠO TUẤN ANH KAMITO TA11-AS\r\n\r\nĐể vinh danh cũng như ghi nhận những đóng góp của cầu thủ Nguyễn Tuấn Anh, KAMITO đã cho ra mắt “TA11” – mẫu giày bóng đá được đặt theo tên và số áo của Tuấn Anh với rất nhiều điểm đặc biệt và thú vị: \r\n\r\n- Đây là mẫu giày được thiết kế với sự góp ý của chính Tuấn Anh nhằm mang lại hiệu suất thi đấu cao nhất. Các họa tiết trên giày cũng được thiết kế đặc biệt mang đậm dấu ấn của Tuấn Anh, đặc biệt là các vân kim cương nổi tạo điểm nhấn trong tổng thể thiết kế. \r\n\r\n- Với 5 màu sắc vô cùng nổi bật và cá tính, TA11 sẽ phù hợp với tất cả người dùng ở mọi lứa tuổi \r\n\r\n- Không ngừng đổi mới và mong muốn nâng tầm trải nghiệm của người dùng, TA11 được áp dụng những công nghệ tốt nhất của KAMITO: \r\n\r\n Lớp da KA-FIBER ULTRA siêu mềm, tạo cảm giác như đi chân trần và với lớp da mới này, độ bền cũng đã được nâng cấp lên một tầm cao mới.\r\n\r\n Thiết kế đặc biệt với những vân kim cương nổi trên thân giày, vừa tạo tính thẩm mỹ vừa hỗ trợ kiểm soát bóng tối ưu. \r\n\r\nBộ đế giày áp dụng công nghệ KA-SPIN với dàn đinh dăm được sắp xếp khoa học, giúp bám sân hiệu quả ngay cả khi trời mưa sân trơn bóng ướt.\r\n\r\n Đặc biệt, lớp đệm giảm chấn cực êm ái KA-COMFORT lần đầu tiên xuất hiện ở một đôi giày phân khúc tầm trung sẽ mang lại một trải nghiệm tuyệt vời giúp các cầu thủ luôn cảm thấy thoải mái và êm ái trong suốt quá trình thi đấu. Bên cạnh đó, lớp đệm êm này cũng sẽ giảm áp lực lên đầu gối và cột sống qua đó giảm thiểu những chấn thương không đáng có. \r\n\r\nForm giày áp dụng chuẩn KA-FIT, ôm sát và phù hợp với bàn chân người Việt.', '', '1599000', 1, 1, 'spnam_04.jpg'),
(32, 3, 'giaynam_07', 'GIÀY ĐÁ BÓNG SÂN CỎ NHÂN TẠO TUẤN ANH KAMITO TA11-AS\r\n\r\nĐể vinh danh cũng như ghi nhận những đóng góp của cầu thủ Nguyễn Tuấn Anh, KAMITO đã cho ra mắt “TA11” – mẫu giày bóng đá được đặt theo tên và số áo của Tuấn Anh với rất nhiều điểm đặc biệt và thú vị: \r\n\r\n- Đây là mẫu giày được thiết kế với sự góp ý của chính Tuấn Anh nhằm mang lại hiệu suất thi đấu cao nhất. Các họa tiết trên giày cũng được thiết kế đặc biệt mang đậm dấu ấn của Tuấn Anh, đặc biệt là các vân kim cương nổi tạo điểm nhấn trong tổng thể thiết kế. \r\n\r\n- Với 5 màu sắc vô cùng nổi bật và cá tính, TA11 sẽ phù hợp với tất cả người dùng ở mọi lứa tuổi \r\n\r\n- Không ngừng đổi mới và mong muốn nâng tầm trải nghiệm của người dùng, TA11 được áp dụng những công nghệ tốt nhất của KAMITO: \r\n\r\n Lớp da KA-FIBER ULTRA siêu mềm, tạo cảm giác như đi chân trần và với lớp da mới này, độ bền cũng đã được nâng cấp lên một tầm cao mới.\r\n\r\n Thiết kế đặc biệt với những vân kim cương nổi trên thân giày, vừa tạo tính thẩm mỹ vừa hỗ trợ kiểm soát bóng tối ưu. \r\n\r\nBộ đế giày áp dụng công nghệ KA-SPIN với dàn đinh dăm được sắp xếp khoa học, giúp bám sân hiệu quả ngay cả khi trời mưa sân trơn bóng ướt.\r\n\r\n Đặc biệt, lớp đệm giảm chấn cực êm ái KA-COMFORT lần đầu tiên xuất hiện ở một đôi giày phân khúc tầm trung sẽ mang lại một trải nghiệm tuyệt vời giúp các cầu thủ luôn cảm thấy thoải mái và êm ái trong suốt quá trình thi đấu. Bên cạnh đó, lớp đệm êm này cũng sẽ giảm áp lực lên đầu gối và cột sống qua đó giảm thiểu những chấn thương không đáng có. \r\n\r\nForm giày áp dụng chuẩn KA-FIT, ôm sát và phù hợp với bàn chân người Việt.', '650000', '499000', 1, 0, 'spnam_07.jpg'),
(33, 3, 'giaynam_08', 'GIÀY ĐÁ BÓNG SÂN CỎ NHÂN TẠO TUẤN ANH KAMITO TA11-AS\r\n\r\nĐể vinh danh cũng như ghi nhận những đóng góp của cầu thủ Nguyễn Tuấn Anh, KAMITO đã cho ra mắt “TA11” – mẫu giày bóng đá được đặt theo tên và số áo của Tuấn Anh với rất nhiều điểm đặc biệt và thú vị: \r\n\r\n- Đây là mẫu giày được thiết kế với sự góp ý của chính Tuấn Anh nhằm mang lại hiệu suất thi đấu cao nhất. Các họa tiết trên giày cũng được thiết kế đặc biệt mang đậm dấu ấn của Tuấn Anh, đặc biệt là các vân kim cương nổi tạo điểm nhấn trong tổng thể thiết kế. \r\n\r\n- Với 5 màu sắc vô cùng nổi bật và cá tính, TA11 sẽ phù hợp với tất cả người dùng ở mọi lứa tuổi \r\n\r\n- Không ngừng đổi mới và mong muốn nâng tầm trải nghiệm của người dùng, TA11 được áp dụng những công nghệ tốt nhất của KAMITO: \r\n\r\n Lớp da KA-FIBER ULTRA siêu mềm, tạo cảm giác như đi chân trần và với lớp da mới này, độ bền cũng đã được nâng cấp lên một tầm cao mới.\r\n\r\n Thiết kế đặc biệt với những vân kim cương nổi trên thân giày, vừa tạo tính thẩm mỹ vừa hỗ trợ kiểm soát bóng tối ưu. \r\n\r\nBộ đế giày áp dụng công nghệ KA-SPIN với dàn đinh dăm được sắp xếp khoa học, giúp bám sân hiệu quả ngay cả khi trời mưa sân trơn bóng ướt.\r\n\r\n Đặc biệt, lớp đệm giảm chấn cực êm ái KA-COMFORT lần đầu tiên xuất hiện ở một đôi giày phân khúc tầm trung sẽ mang lại một trải nghiệm tuyệt vời giúp các cầu thủ luôn cảm thấy thoải mái và êm ái trong suốt quá trình thi đấu. Bên cạnh đó, lớp đệm êm này cũng sẽ giảm áp lực lên đầu gối và cột sống qua đó giảm thiểu những chấn thương không đáng có. \r\n\r\nForm giày áp dụng chuẩn KA-FIT, ôm sát và phù hợp với bàn chân người Việt.', '', '2500000', 1, 0, 'spnam_08.jpg'),
(34, 3, 'giaynam_09', 'GIÀY ĐÁ BÓNG SÂN CỎ NHÂN TẠO TUẤN ANH KAMITO TA11-AS\r\n\r\nĐể vinh danh cũng như ghi nhận những đóng góp của cầu thủ Nguyễn Tuấn Anh, KAMITO đã cho ra mắt “TA11” – mẫu giày bóng đá được đặt theo tên và số áo của Tuấn Anh với rất nhiều điểm đặc biệt và thú vị: \r\n\r\n- Đây là mẫu giày được thiết kế với sự góp ý của chính Tuấn Anh nhằm mang lại hiệu suất thi đấu cao nhất. Các họa tiết trên giày cũng được thiết kế đặc biệt mang đậm dấu ấn của Tuấn Anh, đặc biệt là các vân kim cương nổi tạo điểm nhấn trong tổng thể thiết kế. \r\n\r\n- Với 5 màu sắc vô cùng nổi bật và cá tính, TA11 sẽ phù hợp với tất cả người dùng ở mọi lứa tuổi \r\n\r\n- Không ngừng đổi mới và mong muốn nâng tầm trải nghiệm của người dùng, TA11 được áp dụng những công nghệ tốt nhất của KAMITO: \r\n\r\n Lớp da KA-FIBER ULTRA siêu mềm, tạo cảm giác như đi chân trần và với lớp da mới này, độ bền cũng đã được nâng cấp lên một tầm cao mới.\r\n\r\n Thiết kế đặc biệt với những vân kim cương nổi trên thân giày, vừa tạo tính thẩm mỹ vừa hỗ trợ kiểm soát bóng tối ưu. \r\n\r\nBộ đế giày áp dụng công nghệ KA-SPIN với dàn đinh dăm được sắp xếp khoa học, giúp bám sân hiệu quả ngay cả khi trời mưa sân trơn bóng ướt.\r\n\r\n Đặc biệt, lớp đệm giảm chấn cực êm ái KA-COMFORT lần đầu tiên xuất hiện ở một đôi giày phân khúc tầm trung sẽ mang lại một trải nghiệm tuyệt vời giúp các cầu thủ luôn cảm thấy thoải mái và êm ái trong suốt quá trình thi đấu. Bên cạnh đó, lớp đệm êm này cũng sẽ giảm áp lực lên đầu gối và cột sống qua đó giảm thiểu những chấn thương không đáng có. \r\n\r\nForm giày áp dụng chuẩn KA-FIT, ôm sát và phù hợp với bàn chân người Việt.', '', '2500000', 1, 0, 'spnam_09.jpg'),
(35, 3, 'giaynam_10', 'GIÀY ĐÁ BÓNG SÂN CỎ NHÂN TẠO TUẤN ANH KAMITO TA11-AS\r\n\r\nĐể vinh danh cũng như ghi nhận những đóng góp của cầu thủ Nguyễn Tuấn Anh, KAMITO đã cho ra mắt “TA11” – mẫu giày bóng đá được đặt theo tên và số áo của Tuấn Anh với rất nhiều điểm đặc biệt và thú vị: \r\n\r\n- Đây là mẫu giày được thiết kế với sự góp ý của chính Tuấn Anh nhằm mang lại hiệu suất thi đấu cao nhất. Các họa tiết trên giày cũng được thiết kế đặc biệt mang đậm dấu ấn của Tuấn Anh, đặc biệt là các vân kim cương nổi tạo điểm nhấn trong tổng thể thiết kế. \r\n\r\n- Với 5 màu sắc vô cùng nổi bật và cá tính, TA11 sẽ phù hợp với tất cả người dùng ở mọi lứa tuổi \r\n\r\n- Không ngừng đổi mới và mong muốn nâng tầm trải nghiệm của người dùng, TA11 được áp dụng những công nghệ tốt nhất của KAMITO: \r\n\r\n Lớp da KA-FIBER ULTRA siêu mềm, tạo cảm giác như đi chân trần và với lớp da mới này, độ bền cũng đã được nâng cấp lên một tầm cao mới.\r\n\r\n Thiết kế đặc biệt với những vân kim cương nổi trên thân giày, vừa tạo tính thẩm mỹ vừa hỗ trợ kiểm soát bóng tối ưu. \r\n\r\nBộ đế giày áp dụng công nghệ KA-SPIN với dàn đinh dăm được sắp xếp khoa học, giúp bám sân hiệu quả ngay cả khi trời mưa sân trơn bóng ướt.\r\n\r\n Đặc biệt, lớp đệm giảm chấn cực êm ái KA-COMFORT lần đầu tiên xuất hiện ở một đôi giày phân khúc tầm trung sẽ mang lại một trải nghiệm tuyệt vời giúp các cầu thủ luôn cảm thấy thoải mái và êm ái trong suốt quá trình thi đấu. Bên cạnh đó, lớp đệm êm này cũng sẽ giảm áp lực lên đầu gối và cột sống qua đó giảm thiểu những chấn thương không đáng có. \r\n\r\nForm giày áp dụng chuẩn KA-FIT, ôm sát và phù hợp với bàn chân người Việt.', '', '2500000', 1, 0, 'spnam_10.jpg'),
(36, 2, 'Giày adidas', 'GIÀY ĐÁ BÓNG SÂN CỎ NHÂN TẠO TUẤN ANH KAMITO TA11-AS\r\n\r\nĐể vinh danh cũng như ghi nhận những đóng góp của cầu thủ Nguyễn Tuấn Anh, KAMITO đã cho ra mắt “TA11” – mẫu giày bóng đá được đặt theo tên và số áo của Tuấn Anh với rất nhiều điểm đặc biệt và thú vị: \r\n\r\n- Đây là mẫu giày được thiết kế với sự góp ý của chính Tuấn Anh nhằm mang lại hiệu suất thi đấu cao nhất. Các họa tiết trên giày cũng được thiết kế đặc biệt mang đậm dấu ấn của Tuấn Anh, đặc biệt là các vân kim cương nổi tạo điểm nhấn trong tổng thể thiết kế. \r\n\r\n- Với 5 màu sắc vô cùng nổi bật và cá tính, TA11 sẽ phù hợp với tất cả người dùng ở mọi lứa tuổi \r\n\r\n- Không ngừng đổi mới và mong muốn nâng tầm trải nghiệm của người dùng, TA11 được áp dụng những công nghệ tốt nhất của KAMITO: \r\n\r\n Lớp da KA-FIBER ULTRA siêu mềm, tạo cảm giác như đi chân trần và với lớp da mới này, độ bền cũng đã được nâng cấp lên một tầm cao mới.\r\n\r\n Thiết kế đặc biệt với những vân kim cương nổi trên thân giày, vừa tạo tính thẩm mỹ vừa hỗ trợ kiểm soát bóng tối ưu. \r\n\r\nBộ đế giày áp dụng công nghệ KA-SPIN với dàn đinh dăm được sắp xếp khoa học, giúp bám sân hiệu quả ngay cả khi trời mưa sân trơn bóng ướt.\r\n\r\n Đặc biệt, lớp đệm giảm chấn cực êm ái KA-COMFORT lần đầu tiên xuất hiện ở một đôi giày phân khúc tầm trung sẽ mang lại một trải nghiệm tuyệt vời giúp các cầu thủ luôn cảm thấy thoải mái và êm ái trong suốt quá trình thi đấu. Bên cạnh đó, lớp đệm êm này cũng sẽ giảm áp lực lên đầu gối và cột sống qua đó giảm thiểu những chấn thương không đáng có. \r\n\r\nForm giày áp dụng chuẩn KA-FIT, ôm sát và phù hợp với bàn chân người Việt.', '', '199000', 1, 1, 'thethao_06.jpg'),
(38, 1, 'giày chạy bộ 01', 'GIÀY ĐÁ BÓNG SÂN CỎ NHÂN TẠO TUẤN ANH KAMITO TA11-AS\r\n\r\nĐể vinh danh cũng như ghi nhận những đóng góp của cầu thủ Nguyễn Tuấn Anh, KAMITO đã cho ra mắt “TA11” – mẫu giày bóng đá được đặt theo tên và số áo của Tuấn Anh với rất nhiều điểm đặc biệt và thú vị: \r\n\r\n- Đây là mẫu giày được thiết kế với sự góp ý của chính Tuấn Anh nhằm mang lại hiệu suất thi đấu cao nhất. Các họa tiết trên giày cũng được thiết kế đặc biệt mang đậm dấu ấn của Tuấn Anh, đặc biệt là các vân kim cương nổi tạo điểm nhấn trong tổng thể thiết kế. \r\n\r\n- Với 5 màu sắc vô cùng nổi bật và cá tính, TA11 sẽ phù hợp với tất cả người dùng ở mọi lứa tuổi \r\n\r\n- Không ngừng đổi mới và mong muốn nâng tầm trải nghiệm của người dùng, TA11 được áp dụng những công nghệ tốt nhất của KAMITO: \r\n\r\n Lớp da KA-FIBER ULTRA siêu mềm, tạo cảm giác như đi chân trần và với lớp da mới này, độ bền cũng đã được nâng cấp lên một tầm cao mới.\r\n\r\n Thiết kế đặc biệt với những vân kim cương nổi trên thân giày, vừa tạo tính thẩm mỹ vừa hỗ trợ kiểm soát bóng tối ưu. \r\n\r\nBộ đế giày áp dụng công nghệ KA-SPIN với dàn đinh dăm được sắp xếp khoa học, giúp bám sân hiệu quả ngay cả khi trời mưa sân trơn bóng ướt.\r\n\r\n Đặc biệt, lớp đệm giảm chấn cực êm ái KA-COMFORT lần đầu tiên xuất hiện ở một đôi giày phân khúc tầm trung sẽ mang lại một trải nghiệm tuyệt vời giúp các cầu thủ luôn cảm thấy thoải mái và êm ái trong suốt quá trình thi đấu. Bên cạnh đó, lớp đệm êm này cũng sẽ giảm áp lực lên đầu gối và cột sống qua đó giảm thiểu những chấn thương không đáng có. \r\n\r\nForm giày áp dụng chuẩn KA-FIT, ôm sát và phù hợp với bàn chân người Việt.', '', '199000', 1, 1, 'spchaybo_06.jpg'),
(41, 1, 'giày chạy bộ 04', 'GIÀY ĐÁ BÓNG SÂN CỎ NHÂN TẠO TUẤN ANH KAMITO TA11-AS\r\n\r\nĐể vinh danh cũng như ghi nhận những đóng góp của cầu thủ Nguyễn Tuấn Anh, KAMITO đã cho ra mắt “TA11” – mẫu giày bóng đá được đặt theo tên và số áo của Tuấn Anh với rất nhiều điểm đặc biệt và thú vị: \r\n\r\n- Đây là mẫu giày được thiết kế với sự góp ý của chính Tuấn Anh nhằm mang lại hiệu suất thi đấu cao nhất. Các họa tiết trên giày cũng được thiết kế đặc biệt mang đậm dấu ấn của Tuấn Anh, đặc biệt là các vân kim cương nổi tạo điểm nhấn trong tổng thể thiết kế. \r\n\r\n- Với 5 màu sắc vô cùng nổi bật và cá tính, TA11 sẽ phù hợp với tất cả người dùng ở mọi lứa tuổi \r\n\r\n- Không ngừng đổi mới và mong muốn nâng tầm trải nghiệm của người dùng, TA11 được áp dụng những công nghệ tốt nhất của KAMITO: \r\n\r\n Lớp da KA-FIBER ULTRA siêu mềm, tạo cảm giác như đi chân trần và với lớp da mới này, độ bền cũng đã được nâng cấp lên một tầm cao mới.\r\n\r\n Thiết kế đặc biệt với những vân kim cương nổi trên thân giày, vừa tạo tính thẩm mỹ vừa hỗ trợ kiểm soát bóng tối ưu. \r\n\r\nBộ đế giày áp dụng công nghệ KA-SPIN với dàn đinh dăm được sắp xếp khoa học, giúp bám sân hiệu quả ngay cả khi trời mưa sân trơn bóng ướt.\r\n\r\n Đặc biệt, lớp đệm giảm chấn cực êm ái KA-COMFORT lần đầu tiên xuất hiện ở một đôi giày phân khúc tầm trung sẽ mang lại một trải nghiệm tuyệt vời giúp các cầu thủ luôn cảm thấy thoải mái và êm ái trong suốt quá trình thi đấu. Bên cạnh đó, lớp đệm êm này cũng sẽ giảm áp lực lên đầu gối và cột sống qua đó giảm thiểu những chấn thương không đáng có. \r\n\r\nForm giày áp dụng chuẩn KA-FIT, ôm sát và phù hợp với bàn chân người Việt.', '', '199000', 1, 1, 'spchaybo_08.jpg'),
(43, 1, 'giày chạy bộ 05', 'GIÀY ĐÁ BÓNG SÂN CỎ NHÂN TẠO TUẤN ANH KAMITO TA11-AS\r\n\r\nĐể vinh danh cũng như ghi nhận những đóng góp của cầu thủ Nguyễn Tuấn Anh, KAMITO đã cho ra mắt “TA11” – mẫu giày bóng đá được đặt theo tên và số áo của Tuấn Anh với rất nhiều điểm đặc biệt và thú vị: \r\n\r\n- Đây là mẫu giày được thiết kế với sự góp ý của chính Tuấn Anh nhằm mang lại hiệu suất thi đấu cao nhất. Các họa tiết trên giày cũng được thiết kế đặc biệt mang đậm dấu ấn của Tuấn Anh, đặc biệt là các vân kim cương nổi tạo điểm nhấn trong tổng thể thiết kế. \r\n\r\n- Với 5 màu sắc vô cùng nổi bật và cá tính, TA11 sẽ phù hợp với tất cả người dùng ở mọi lứa tuổi \r\n\r\n- Không ngừng đổi mới và mong muốn nâng tầm trải nghiệm của người dùng, TA11 được áp dụng những công nghệ tốt nhất của KAMITO: \r\n\r\n Lớp da KA-FIBER ULTRA siêu mềm, tạo cảm giác như đi chân trần và với lớp da mới này, độ bền cũng đã được nâng cấp lên một tầm cao mới.\r\n\r\n Thiết kế đặc biệt với những vân kim cương nổi trên thân giày, vừa tạo tính thẩm mỹ vừa hỗ trợ kiểm soát bóng tối ưu. \r\n\r\nBộ đế giày áp dụng công nghệ KA-SPIN với dàn đinh dăm được sắp xếp khoa học, giúp bám sân hiệu quả ngay cả khi trời mưa sân trơn bóng ướt.\r\n\r\n Đặc biệt, lớp đệm giảm chấn cực êm ái KA-COMFORT lần đầu tiên xuất hiện ở một đôi giày phân khúc tầm trung sẽ mang lại một trải nghiệm tuyệt vời giúp các cầu thủ luôn cảm thấy thoải mái và êm ái trong suốt quá trình thi đấu. Bên cạnh đó, lớp đệm êm này cũng sẽ giảm áp lực lên đầu gối và cột sống qua đó giảm thiểu những chấn thương không đáng có. \r\n\r\nForm giày áp dụng chuẩn KA-FIT, ôm sát và phù hợp với bàn chân người Việt.', '', '199000', 1, 1, 'spchaybo_09.jpg'),
(44, 1, 'giày chạy bộ 02', 'GIÀY ĐÁ BÓNG SÂN CỎ NHÂN TẠO TUẤN ANH KAMITO TA11-AS\r\n\r\nĐể vinh danh cũng như ghi nhận những đóng góp của cầu thủ Nguyễn Tuấn Anh, KAMITO đã cho ra mắt “TA11” – mẫu giày bóng đá được đặt theo tên và số áo của Tuấn Anh với rất nhiều điểm đặc biệt và thú vị: \r\n\r\n- Đây là mẫu giày được thiết kế với sự góp ý của chính Tuấn Anh nhằm mang lại hiệu suất thi đấu cao nhất. Các họa tiết trên giày cũng được thiết kế đặc biệt mang đậm dấu ấn của Tuấn Anh, đặc biệt là các vân kim cương nổi tạo điểm nhấn trong tổng thể thiết kế. \r\n\r\n- Với 5 màu sắc vô cùng nổi bật và cá tính, TA11 sẽ phù hợp với tất cả người dùng ở mọi lứa tuổi \r\n\r\n- Không ngừng đổi mới và mong muốn nâng tầm trải nghiệm của người dùng, TA11 được áp dụng những công nghệ tốt nhất của KAMITO: \r\n\r\n Lớp da KA-FIBER ULTRA siêu mềm, tạo cảm giác như đi chân trần và với lớp da mới này, độ bền cũng đã được nâng cấp lên một tầm cao mới.\r\n\r\n Thiết kế đặc biệt với những vân kim cương nổi trên thân giày, vừa tạo tính thẩm mỹ vừa hỗ trợ kiểm soát bóng tối ưu. \r\n\r\nBộ đế giày áp dụng công nghệ KA-SPIN với dàn đinh dăm được sắp xếp khoa học, giúp bám sân hiệu quả ngay cả khi trời mưa sân trơn bóng ướt.\r\n\r\n Đặc biệt, lớp đệm giảm chấn cực êm ái KA-COMFORT lần đầu tiên xuất hiện ở một đôi giày phân khúc tầm trung sẽ mang lại một trải nghiệm tuyệt vời giúp các cầu thủ luôn cảm thấy thoải mái và êm ái trong suốt quá trình thi đấu. Bên cạnh đó, lớp đệm êm này cũng sẽ giảm áp lực lên đầu gối và cột sống qua đó giảm thiểu những chấn thương không đáng có. \r\n\r\nForm giày áp dụng chuẩn KA-FIT, ôm sát và phù hợp với bàn chân người Việt.', '300000', '199000', 1, 1, 'spchaybo_07.jpg');

--
-- Chỉ mục cho các bảng đã đổ
--

--
-- Chỉ mục cho bảng `tbl_category`
--
ALTER TABLE `tbl_category`
  ADD PRIMARY KEY (`category_id`);

--
-- Chỉ mục cho bảng `tbl_giohang`
--
ALTER TABLE `tbl_giohang`
  ADD PRIMARY KEY (`giohang_id`);

--
-- Chỉ mục cho bảng `tbl_sanpham`
--
ALTER TABLE `tbl_sanpham`
  ADD PRIMARY KEY (`sanpham_id`);

--
-- AUTO_INCREMENT cho các bảng đã đổ
--

--
-- AUTO_INCREMENT cho bảng `tbl_category`
--
ALTER TABLE `tbl_category`
  MODIFY `category_id` int(11) NOT NULL AUTO_INCREMENT, AUTO_INCREMENT=5;

--
-- AUTO_INCREMENT cho bảng `tbl_giohang`
--
ALTER TABLE `tbl_giohang`
  MODIFY `giohang_id` int(11) NOT NULL AUTO_INCREMENT, AUTO_INCREMENT=47;

--
-- AUTO_INCREMENT cho bảng `tbl_sanpham`
--
ALTER TABLE `tbl_sanpham`
  MODIFY `sanpham_id` int(11) NOT NULL AUTO_INCREMENT, AUTO_INCREMENT=45;
COMMIT;

/*!40101 SET CHARACTER_SET_CLIENT=@OLD_CHARACTER_SET_CLIENT */;
/*!40101 SET CHARACTER_SET_RESULTS=@OLD_CHARACTER_SET_RESULTS */;
/*!40101 SET COLLATION_CONNECTION=@OLD_COLLATION_CONNECTION */;
